{
  "RandomForest": {
    "r2": -0.4722406709416316,
    "mae": 4.538819308234669,
    "mse": 34.49943046734218,
    "rmse": 5.873621580195832
  },
  "GradientBoosting": {
    "r2": -0.25009340900413557,
    "mae": 4.1598543974966775,
    "mse": 29.29379108514708,
    "rmse": 5.41237388630415
  },
  "HistGradientBoosting": {
    "r2": -0.32595264234523813,
    "mae": 4.3874198898608405,
    "mse": 31.07142187446863,
    "rmse": 5.574174546465928
  },
  "LinearRegression": {
    "r2": -0.4440380191710669,
    "mae": 4.64127135018161,
    "mse": 33.83854978189627,
    "rmse": 5.817091178750448
  }
}